{"success":true,"data":[{"id":29,"name":"Andaman and Nicobar Islands","code":"AN","status":"active","created_at":"2025-11-16T17:43:44.000Z","updated_at":"2025-11-16T17:43:44.000Z"},{"id":1,"name":"Andhra Pradesh","code":"AP","status":"active","created_at":"2025-11-16T17:43:44.000Z","updated_at":"2025-11-16T17:43:44.000Z"},{"id":30,"name":"Arunachal Pradesh","code":"AR","status":"active","created_at":"2025-11-16T17:43:44.000Z","updated_at":"2025-11-16T17:43:44.000Z"},{"id":2,"name":"Assam","code":"AS","status":"active","created_at":"2025-11-16T17:43:44.000Z","updated_at":"2025-11-16T17:43:44.000Z"},{"id":3,"name":"Bihar","code":"BR","status":"active","created_at":"2025-11-16T17:43:44.000Z","updated_at":"2025-11-16T17:43:44.000Z"},{"id":31,"name":"Chandigarh","code":"CH","status":"active","created_at":"2025-11-16T17:43:44.000Z","updated_at":"2025-11-16T17:43:44.000Z"},{"id":32,"name":"Chhattisgarh","code":"CT","status":"active","created_at":"2025-11-16T17:43:44.000Z","updated_at":"2025-11-16T17:43:44.000Z"},{"id":33,"name":"Dadra and Nagar Haveli","code":"DN","status":"active","created_at":"2025-11-16T17:43:44.000Z","updated_at":"2025-11-16T17:43:44.000Z"},{"id":34,"name":"Daman and Diu","code":"DD","status":"active","created_at":"2025-11-16T17:43:44.000Z","updated_at":"2025-11-16T17:43:44.000Z"},{"id":4,"name":"Delhi","code":"DL","status":"active","created_at":"2025-11-16T17:43:44.000Z","updated_at":"2025-11-16T17:43:44.000Z"},{"id":5,"name":"Goa","code":"GA","status":"active","created_at":"2025-11-16T17:43:44.000Z","updated_at":"2025-11-16T17:43:44.000Z"},{"id":6,"name":"Gujarat","code":"GJ","status":"active","created_at":"2025-11-16T17:43:44.000Z","updated_at":"2025-11-16T17:43:44.000Z"},{"id":7,"name":"Haryana","code":"HR","status":"active","created_at":"2025-11-16T17:43:44.000Z","updated_at":"2025-11-16T17:43:44.000Z"},{"id":8,"name":"Himachal Pradesh","code":"HP","status":"active","created_at":"2025-11-16T17:43:44.000Z","updated_at":"2025-11-16T17:43:44.000Z"},{"id":9,"name":"Jammu and Kashmir","code":"JK","status":"active","created_at":"2025-11-16T17:43:44.000Z","updated_at":"2025-11-16T17:43:44.000Z"},{"id":10,"name":"Jharkhand","code":"JH","status":"active","created_at":"2025-11-16T17:43:44.000Z","updated_at":"2025-11-16T17:43:44.000Z"},{"id":11,"name":"Karnataka","code":"KA","status":"active","created_at":"2025-11-16T17:43:44.000Z","updated_at":"2025-11-16T17:43:44.000Z"},{"id":12,"name":"Kerala","code":"KL","status":"active","created_at":"2025-11-16T17:43:44.000Z","updated_at":"2025-11-16T17:43:44.000Z"},{"id":35,"name":"Lakshadweep","code":"LD","status":"active","created_at":"2025-11-16T17:43:44.000Z","updated_at":"2025-11-16T17:43:44.000Z"},{"id":13,"name":"Madhya Pradesh","code":"MP","status":"active","created_at":"2025-11-16T17:43:44.000Z","updated_at":"2025-11-16T17:43:44.000Z"},{"id":14,"name":"Maharashtra","code":"MH","status":"active","created_at":"2025-11-16T17:43:44.000Z","updated_at":"2025-11-16T17:43:44.000Z"},{"id":15,"name":"Manipur","code":"MN","status":"active","created_at":"2025-11-16T17:43:44.000Z","updated_at":"2025-11-16T17:43:44.000Z"},{"id":16,"name":"Meghalaya","code":"ML","status":"active","created_at":"2025-11-16T17:43:44.000Z","updated_at":"2025-11-16T17:43:44.000Z"},{"id":17,"name":"Mizoram","code":"MZ","status":"active","created_at":"2025-11-16T17:43:44.000Z","updated_at":"2025-11-16T17:43:44.000Z"},{"id":18,"name":"Nagaland","code":"NL","status":"active","created_at":"2025-11-16T17:43:44.000Z","updated_at":"2025-11-16T17:43:44.000Z"},{"id":19,"name":"Odisha","code":"OD","status":"active","created_at":"2025-11-16T17:43:44.000Z","updated_at":"2025-11-16T17:43:44.000Z"},{"id":36,"name":"Puducherry","code":"PY","status":"active","created_at":"2025-11-16T17:43:44.000Z","updated_at":"2025-11-16T17:43:44.000Z"},{"id":20,"name":"Punjab","code":"PB","status":"active","created_at":"2025-11-16T17:43:44.000Z","updated_at":"2025-11-16T17:43:44.000Z"},{"id":21,"name":"Rajasthan","code":"RJ","status":"active","created_at":"2025-11-16T17:43:44.000Z","updated_at":"2025-11-16T17:43:44.000Z"},{"id":22,"name":"Sikkim","code":"SK","status":"active","created_at":"2025-11-16T17:43:44.000Z","updated_at":"2025-11-16T17:43:44.000Z"},{"id":23,"name":"Tamil Nadu","code":"TN","status":"active","created_at":"2025-11-16T17:43:44.000Z","updated_at":"2025-11-16T17:43:44.000Z"},{"id":24,"name":"Telangana","code":"TG","status":"active","created_at":"2025-11-16T17:43:44.000Z","updated_at":"2025-11-16T17:43:44.000Z"},{"id":25,"name":"Tripura","code":"TR","status":"active","created_at":"2025-11-16T17:43:44.000Z","updated_at":"2025-11-16T17:43:44.000Z"},{"id":26,"name":"Uttar Pradesh","code":"UP","status":"active","created_at":"2025-11-16T17:43:44.000Z","updated_at":"2025-11-16T17:43:44.000Z"},{"id":27,"name":"Uttarakhand","code":"UK","status":"active","created_at":"2025-11-16T17:43:44.000Z","updated_at":"2025-11-16T17:43:44.000Z"},{"id":28,"name":"West Bengal","code":"WB","status":"active","created_at":"2025-11-16T17:43:44.000Z","updated_at":"2025-11-16T17:43:44.000Z"}]}